playerid,nickname
1358636,ThreeManager6
2193927,Sonderfall
848569,BemusedBox
848032,Hashmap
848497,Dasha PL
847425,Delta381
847460,geordiedeviant
848087,Shadow80380
848518,Zulghinlour
847661,TheBiohazard187
1520291,aka Stulle
836671,xGuizimxDx
845438,The Manic Moose
3234445,airrr13
4624800,AuxiliaryJack
848515,TWiSTeD 3XTREME
4236614,Bacha Han
847132,Van Uden
2803466,ToasterChan2129
3986703,J3an Bon
844224,Lorne
847094,StopDropnSponge
847406,cougeran
3003493,NwO Kavinsky
4009718,holywood222
846301,BlizBeast PL
845483,cpc02
4391870,RTs Duroque
846593,Blacklord777
1825245,Linbo Bond
846027,Joachim CH
846599,Always Saucy
1335432,AMAR IBRAHIM
843728,eviltedi
845376,evilcrash9
841862,Devil8343
847201,qXDarkFighterXp
1827286,StonedAge Gamer
845067,Havocks
839787,chmccarthy
840316,Black Mamba O6
845134,Gamejunky2
844886,Alucard Uchiha7
844092,BysenTheInsane
846213,Nickel Arcade
803123,Warriors Mad
820614,Legend PL
842912,JCAntunes
844303,vI Demon Iv
842258,Limited88
4052653,Greenskull
825481,OxBwaR
2705269,RUBENSJUNIOR21
2029354,Magnus Souza
4745606,XtereGames
836954,II FerGie x
845188,Bouncybhall
836015,OrangeBud1986
460418,GrimIceWolf
841977,accosta
838247,ameyuri
835946,Markav
840878,Xx 1128 xX
824314,CopperBlade99
828214,Igorstep91
4472883,DemiGod3522
4427140,GAddict1
2333939,Frybird
1821691,Azzurri 22
839082,carlosanmen
805959,Scorpio900
841353,Sendze
834762,Afro 710
3927839,xXxDBT1xXx
1142362,lsaac CIarke
824007,ACE 1977
4073787,bruce123495
1716036,evilstrog
817961,WeezusChrist
2495859,SladeSteelesoul
1840389,Lifear s7
831364,Maathyas
831415,Alex66005
834189,blackfireben
827870,Chaingang HBK
820164,ajahman
465213,ElitExEcuti0nEr
807684,dinhazudaq
810075,NoarGame
1220627,KoParker
3993629,oKarismatic
4360495,Hollywood1228
840246,PATS4LIFE54
824571,S Club 7
3763606,SmokeyBakedUp
829729,Jæger2212
828268,TYKTYG3R
1335648,ZK Kinetic
3897323,frecuency
834232,Back In Flak
1951451,Krewie01
836744,Nightwind005
822514,Patchez83
833322,Superstitiious
807704,Rover Mark
472550,SpiderJedi
822492,Shaw I27I
818830,V1CTORIUS
1269636,TipperAV
828923,Lord D Hammer
835758,Jinto Hyacinth
1867726,Azure Drache
482044,CyanGhost28
826679,ZOMBIE969
808912,haramitz
1833000,joshcom117
1824432,Fazzy86
829911,Paradroid 476
819018,I MUNCH I
828871,JCH979
834852,GazBomb
2619643,skier123564
1899640,SPAWNxHELL
4547159,DinoVedo
1931390,i DragonZx
1839219,Shofizzler
4274914,Death Dealer180
814250,Kronnoc
833650,ctZz1
810413,Mr Redemptions
816164,MoominBiscuit
805338,GBVIPER310
833021,Renders3d
817296,ren n ripley
822254,HeavyMetal ZMBE
809053,LoKiPeT
783733,Serpico699
781910,Sly Preda
823160,Mathy
817974,bAbo0NkINg 101
831822,xASH I 1977X
824130,Erichgus
4324182,GRAWLICKz
816514,Mdk7
1143841,Jaimerson0103
641012,Ciclolink
1165093,Loyley9481
3201418,KenBridge2419
806007,YourFinalJoy
1283128,felicitybrazil
816069,CraZyIriShman7
818581,Sub Z tx
803970,Zeta333
817645,Mob7645
824232,Er Bitu
822754,Eiswolfx26
816864,RiZZo0
520574,DominatedVero
789387,vlKarde
780395,Angus PT
3302616,Ju4nZord
821197,JCM0RAN
820671,Evil Mask EOL
1132722,Muad'Doob6851
822810,knightsljx
800474,BerBelmont22
4468826,IBeatDunies
800459,WoolyHead225
787898,ditescomori
832522,bpf2003
4655078,TRUE X0C0LAIT
800795,JasmineMoral
809834,Baconbag004
1792085,Wa1n261
831059,Dr Wampe
741268,MysticRedDragon
821308,Clyde EOL
790345,DaPiCkLeMoNsTeR
472800,Bipolar Psykho
1305932,PrimitiveKai
763842,Sugus4
2552386,NaughtyTeddy
815227,MiguZ
789140,Akino2569
777213,Marcello540
796346,samito21
4596445,VineJoga
807528,drakosan
818702,milezMayhem
823600,AcecatZaith
785102,meatyfetuz
2026769,jjuniormartins
3995216,YFM Kipper
786034,lacutus
807454,ARTEM2153
817447,crystalbowy072
806536,MGB BARRONNATOR
2157567,DARKTUCK
806429,JakubNowy
801044,xPDGx EdwardNub
812155,SLVRBullet75
4597183,FNX y Perigo
474968,WeirdMallKid
808375,feamvn
3214641,JuicyHyper B
815547,Kingstown Rebel
2380197,N0 BILB0
811302,BertTheBluBerry
789846,UnhxlySaint
736344,TwoFootterr
817000,iPro x Snake
790135,Jonycall
782454,Rockin 38
705638,Hanamichi1990
801469,Kasumi7486
814031,Quackers7074
739011,Luiz Nicolau
1171379,xWynt3r
783071,Oozer3993
3901434,Zombi3Slayer509
821232,pumpkin fudge
754672,BJAMES Dfwu
802263,FatBoyFonz
1269327,Sarge212
801081,俗悪8502
803456,oXBAo MADARA
712909,Marc Fitness
817197,amzhel
815240,USMC Snoopy
1167944,falconbox
810453,SnowFox Zeta
817255,TMRedbeard
767338,The Herdy
726677,Lethal Rynozard
766790,GALIMBA
2449447,resource0800520
4068101,K1X
1916675,Drip sauce3197
3036408,Raizemonnz
574091,Terak404
804895,Rokuko4868
4725220,Coltifus
790387,xam3l
790531,THEwatachamp
806374,cruel
704512,Lorenxion
4543049,LudexGundyr1
811495,l Zurka l
811301,RenWuying
805471,ZealousDemon
752095,Swishyy5906
754309,Cipher MF
4236775,Khryolate
792249,Willie216
3921710,Mr l3u66les
4040129,SoulAnxrchy
797520,Chor08
2108857,IZyannI
787950,xCanIDabFirstx
783442,F34RTEHR34PER
804034,FoopishMaximums
2068649,marcelovinic
3106768,Foreverender
798341,skweeky
736657,Koenegitto
804771,ivelostctrl
706562,xX NeoxX Xx
780333,Kavedish
784589,Onyx stayer
2470279,Oasar
798964,BaniaPL
4517603,ShadowGamer4457
817520,Batwing
801617,Phostachio
817371,HELLO im smithy
1583637,SlavenOwnz
461541,ADunedain
815284,Kewpid
784171,RVG AnTHraX
795420,Rodrigu3s
789651,VENOM420247
3156684,Akheron48
4513462,DIXGRACA PRETA
808890,al ameed
3624650,CruderPuddle25
768128,CRISTIANFLA81
775990,FTW SWORD
2411356,BA SE7EN
2648249,TKWDT
3592509,Passerotto
815794,iTzDUBx6439
1928932,MarvinMarbls
796759,derKlaus
763180,RagingAvatar
797701,ChazuSama
785035,FruityMooch
770109,VaguerFiend895
821315,ItsJustJer
797374,Bwonsammdi
777340,jonjonkohltrain
787384,Uglydabear
2541479,Toff
779681,Shinkeidii
2783903,RedChocoToad
782761,MightyM0ngo
2617020,bomhei
1149058,Saxism
781093,Spartan Rodox
2153338,BaIfIear
2217247,doktor morot
768395,xBnYce
794775,Nakotsu 09
4180635,I Reaper IV
782590,Quasar Altair
699284,Rico Rush PR530
660654,giusnake
761649,RJTheDestroyer
779542,jrobb32
2638519,JaMaIcAn HoBo 6
743553,blob02
4087577,Yes sirrrrrr677
2998244,Basuritas123
791749,Delta x00
711874,CDAmaz
794189,seVn EzKiMo
813965,SuperThumos
2230602,Thelegion999218
771083,ThaDoos
773995,Jae DuBBLe 810
711191,quicklikerabbit
4313560,DFWRob
800895,redsam
2990703,zaid9742
805258,Abolish3r
1962338,Gasparzinho28
720057,CrankyLion45628
806025,spideyguy21
808286,BeccsBarney
3189288,Blackhawk799
3159544,MøltzSud
729311,AdrianG123
3127556,iGot NBASkillz
794815,krlos3132
1867123,ZenkaiGuigas
765302,Nic8U4Lunch
1831056,MAGNUM199221
786895,Space Marine 1A
796013,MamaMiaK2375
795450,IceKniight
737719,Oh Farmer
4163994,TheZurdo001
1959822,GIO VZQZ
771312,AnotherFoe
1126742,MetroPaper53958
737361,ZOMBIENINJA4444
4624096,EmptyEnd6893
746105,DaSickma
806993,Miss Annmarie
3962223,RoshixBangs
775911,DarthRock13
785912,TDowsey
2245256,Toby694201362
761942,xMrGamEnWatcHx
758141,Aufinator
2262457,taledi
4361581,p4wojt
1141843,NFz Benji
729208,BiPolarBear7444
782339,iAsphalt
743920,NeoGame
1125425,LSsSsSsSL
4357934,FadingBlaze
1265465,Gorlin
707603,BIGGY 1D
3605175,PopularL0ner
1988749,GoneBerzerk115
781853,EFxSinanju
4411644,punisher2281
730190,DefterEquation9
738631,TheWhiteDelite
781667,Scoobius Pip
775345,X W0lf BR X
1146112,Arson Banned
4304240,Bozznes
756971,GOR1LLAK1NG
570500,AmbientManatee7
3239356,Math Rock 1029
772271,iDeus IsraO7
1219940,ManoJay1005
2672287,Mills236
765250,Xman102288
734283,DarkShine1982
2666229,BestowalStone5
790669,Wolf8x2
763800,namelessbob123
1356364,Duhbyo47
1840798,Ovverdrive
737516,I 9MB I NiMB
2192716,HunterBrawl
1556557,tendiesuwu
4663839,ItzBalou
726537,eXpandaa
800868,Syrkyt
2905652,GuilhermeQuiles
786683,TrapLindo
777671,kung lao CL
749556,Best 0peth
1822599,Smiley Egg
728708,chrismcc9
785576,bcomputr
1182145,Eilinium
2442188,thetrans4mrz
700583,Tadgee
4222011,coolguy68681234
2261969,SyGnus11
727731,yannos945
2836589,Truhawg
3982400,brun666ced
749917,Saidac
716313,Aist35
2228782,IRONLORT
655126,MRTr1ck3r
2559131,Mamimi7670
712556,Monkey MIKETH0R
705428,thejimko
797676,DarthPingu007
728378,Naypzz
762455,Nintendo Power
718080,CptJackJuanJovi
2255747,Space Music
770313,lesganojijiji
2491511,MrSigma045
2074712,z5jw
745873,DADRUNKINMASTA1
765673,jordan12856
2802432,SSK Snipes
1294290,zombiebro89
712632,PxMa Nuke
753165,D4rK WaR
782851,McH0operKalas
2075089,CAP NINJ4
2330632,Onold4642
1839472,DarkPower EX
742268,EL MARINO
4000705,ksngnnnik14
744325,RAMO
745376,Callibal
719497,Infinity Qube
1864829,Banjo954462
3268265,haumaru
742835,Vx lS 3 A Nl xV
647897,doojing5833
1343629,Crazy6744
718821,Xevii77
754737,squalninja
766762,al02562853
1134871,McKibben1645
783096,flamingace92
734960,FREEWILLY NL
1321134,Dempsey6
726374,hat0r83
732485,MrBr00k
561623,JungleJackNL
749435,ultratails42
761931,KiLLeRPiNuPDoLL
4585792,NEL Hollow
696305,Predirect aD
780298,Jamie K5518
757446,xXAtemgeilXx
1126364,non toast
680976,ABzTrAcT Vampy
732155,N0T0RIOU5xS1NGH
702873,Smoking YxU
736553,Spectre6477
1165790,BadLduderino
761638,Genjuro75
1180653,TrainingBen
1366660,Kirangamer
767417,EarthBNess07
769386,CarnageStrider
710169,GrizzlyHTC
2030376,Bravokamikaze
739977,DAMIAN11187752
1176603,I MUFC STEF I
610578,Supfile123
646450,zhangdapao2004
4425284,A True Duck
3611269,MIDORI1617
730584,kennyrepwaabhu
691425,CorvinisFaul
1284330,Tensor Plissken
1154095,Blanchy FTM
2482987,Xotiic Hammy
781136,xF3RN4ND0
1943994,BrooklynCodd
730335,DartMonger
658873,sbydr
480041,Chess
734962,Tr1ckzXG Grotti
784668,Nathan WV10
715264,I Sozly I
3184442,TIME2REST
739365,billy 2 suits
1769412,Karol 1991PL
701853,BigBlackMac9305
3033875,Pulse Creations
4710640,xPSYCHOxKILL4x
3489425,Lucaoreis
759496,x RiOtStARz
2027917,Rhoberly
2032617,FoxtheSith77
4377803,Huw Samuel
3100579,TheRealJaGGerz
730189,Nu2this
1237445,EPIC turtle59
754599,magic zozaz
749467,DarkAntrax
718533,LORD Percivl
4065702,SnootyCarlo71
4499151,TRaddigan
3963227,Weinieking
697519,RIOT Defuse
1124329,I M8X I
771640,ThatShiftyPanda
737918,LoïcGamingTV
747495,Ti7euF Eu
2201582,NάρκηNoah
1134974,oDGBo
717937,Gh0st Sniper II
4692629,Bateman T92
687974,BIG416 DAWG Ttu
748993,Walk My Cat4772
726822,PrimaL I Ash
3153157,m1sintendedd
752713,ElFregonDeTexas
766679,i aMM MoLeY x
4678818,JDllama
724077,Mosa 5
4006012,Thorn20203793
1150799,EXPLO5IV3ORANG3
574043,TreeBabie
2442447,Celtance
1299661,RennyC
754540,tito Morbi
775475,Rusty Retro XO
760056,cisco 49ers
3813175,MiikMiik932757
778241,INFILTRADO 23
738026,Alex Spartan 23
4562640,FlimsyMuffin274
461051,m1rl0b
1803780,Russen
716325,MawinguVuli
1140171,Tonymoffat33817
2531554,Cryowolf
2041203,zKieren
1263811,comPOSErr
745367,X i TiddleyBoB
481410,AllwoodNoBalls
767155,ARCANGELANGEL
1858979,DIAMOND HUNTERG
3234373,ALC culia
757317,AtmaWeapon420
698937,D1V1N3W1ND
718094,OZ HAWK
2121475,NESIEK
1864945,Auxilio Divino
759247,ZugTony
672859,Doom Supremacy
712369,SouleyCamara217
4516576,RubrDuckyOfDoom
4518377,Thaihorse
760860,DryKillLogic91
754070,Call Me Holty
677848,o0RedLight0o
607677,MidnightXLR
736002,MEGAZombieJesus
3249630,Kashmir 2046
4514617,easy mac coma
3040170,konb54
3868416,DST Reece
708694,MachineDiamond
1147459,wiggy de piggy
716650,Riddick Rocket
723605,Highdust79
491337,Here I can help
717456,NV Vlad BT
691663,Demonicbunnie
734210,mnemonic78
2015173,Mcqwerty197
699510,SprayingPeanut
1307889,Albert Fish8709
4469401,MarioDragon
733925,Arups
739017,Oh no shrubs
712481,Alkatraz11115
723592,denimXXchicken
555170,sargento IBAI
730285,Redbl0odx
3607507,Werf7686
1815519,Alcoholic1234
763770,fadhkarim
3772536,Fronks330
711135,blazingangel86
736558,THUNDERMUG
734268,bEAn xKoRn
714455,SmashyTashy
654586,HiGrade LobbyV1
4211142,MindOfMary
2164555,Megumax86
750718,Vanox
721557,NotRoads
716704,WickedBoy6
670503,Cheeky VZN
722448,koenigsley
3159219,gochon4616
739216,Coltenyoung2
719711,sheepboy1923
3116510,Gajastarter
722727,Jordskeyd
737134,Hiketsu
706626,ST1TCH1S
3990537,Prmcoelho
1296784,Benpoulter12
737521,Stefy is back
660775,Tama7i
729124,sK x Reaperz
704062,Spi7101
726107,SturmMister big
729930,Taco Beau
4185426,Bernard2775
1181013,Alialen
689235,janryk
1232553,Manny1199
2543964,FoxyGhosty8931
1252997,PHQENIX
689108,Rockrono
687577,allheart45
1133603,I Piim I
1530061,LewisMorley6698
737063,Coors Ninja
2295170,YReachz
725614,WinyNumber8541
2811876,DBZZ ACE
684705,icode x fireckw
718452,PSYCHOsmurfZA
4382698,Web Wrecker
4590853,Hezekiah Jones
725563,Stonedboy121
688759,C frias20
669703,Dubga
664574,Bala EST
708197,X0chivalier0X
627486,Fuzzy Assquatch
713984,Torpidy
3088899,Lightninggod565
2192862,Ph4ntomBRS
1822753,Sishuphus
1522352,ur sHad0ws
677391,NTAAP
711887,Darlingx
715095,RandumTek
4688690,zerozatoichi
660026,VandasTheRatbag
4487083,WolfBladeEJ89
1130643,J17S8551
670909,ItsRamenWho
1962180,VividerMagician
736044,AuT DinglDongl
1134095,uKNOsmitty
726647,TopoFraile
3044195,DeusExMacchiato
1211304,imabunnyx
620042,A Fluffy Falcon
1292303,Kap Steezy
719819,shadowfaze2713
719965,SirJason2314
1699381,Bruno Memory
1141408,Jord TayIor
4467902,yk bread
1153877,kierann 2000
714459,Agaete360
738450,johnw2l
697684,RONAKROK
697847,My Bro Zach
1222431,WhistlingPig336
650420,katarr
683754,YoavBls
654755,Castor xX Troy
725561,Divider0fz3r0
1177924,OShea 8 x
658149,cortabicho40
4527510,Johan
2128307,OokamiFr
674505,LINS69
705032,mandoo1208
475782,poniponi246
694611,F0UR T0N MANTiS
674961,Creepzer
606464,Tadhik
696297,BattlinBrandon
722264,VetaZombiSlayer
706876,Hippowh
703594,Slender4236
660052,El3ktro Maus
704034,Chusminator
628517,Mozee
714823,ZV2X
2362428,DEANO9541
680049,christian s0uza
710773,DoomSlayer768
699434,Fyreball24
717530,Ahs71
690208,Dr Viente
642162,I Bowennnn I
1473544,Grayson1857
4480409,TheRawrdom
2230126,BillyGoat2904
735580,WFA Reaper
3892677,LUNACELTA
2227002,Seahawkz71
3039306,Crix6383
602963,Edon1s
706591,J MICKS
1266252,PoddyPluck
1263229,Distxn
718531,DragonFaucheur
639420,greg153 fiy
687659,D4rkw01fy
722597,xSsKx
703539,Darkmsngr1014
2551373,Gooner Goku
652033,KienP 26
645865,Smoof5
702092,Klyntar Rage
1327606,Jackworthy13
686370,MARTA217
3169882,Morganfr3man
2902118,Dilan4780
688262,Patriot1776
3013371,DMG1907
659169,KeezieAce
491691,zenuvil
2914820,Yanky3
3939781,Barorsini
649380,BabaYaga4175
2259466,Y40430
666041,zCloud
644235,torakawa
629219,Big Boy Mark757
670376,X R0BERTS X
706536,Arkhangelos
719073,danielovis
723395,Deon1309
688844,lilbuddy2010
3483298,TriadicMuffin51
675093,GENOxDAxPIMP
677720,Jpshortman
1687565,thomlaw76
642425,CW162983
4687404,Deviltrinty
691832,MrDodongo
1238170,BillyElliott268
649911,tracktease
3171885,Ricardo7c
694230,treelines
559078,WittyKitten9269
2364451,Ferfi4101
1181213,SCAR3D3VIL
638481,milodag
2157065,HS Kiingx
604243,MRSH4DOW2433
1950089,Sky Roazh
631392,sergiosestao
1854907,The DDL YT
685477,OniGT
474088,Tossing A Stun
672825,Le4 Killaz
4116380,TheSmelySamurai
651578,gazino
676793,wiktor03
1263675,DanielLFC 05
676190,IVIr Billy Mays
659229,SimeNOCE
680344,akumarules
684094,deatshoot
2172133,Senator1х
640183,Declan 973684
3990071,mvinipss
3240438,XêrţŷHD
2314363,Gamerboss555
2814238,yahyahgal
2329962,Nightking219640
667759,LittleLeelou
620505,CHAC0
688133,Ridley777
612247,Boffbowsh
642995,RdeLimaSCBRA
557946,Bigbackdan99
630646,L0rd Loney
3950891,play w Joystick
679279,SuperfinePaul
656811,Itachi srg
663435,GnG Zander
624542,Le Fruits
1235648,Diogynese
677228,JRD6N
675820,xXxMylesxXx
4302001,jxcs7467
636893,wendigo78
648925,FutureNightMare
646680,BabyFaceKiller7
4250457,LxBurton
1284781,SurestDAZ206
4636533,GingyBreadMan93
664271,LIL ANT FO SHO
4531487,StreamSeven2089
640169,TheKHo
624218,Slipcage888
2187930,Mr 200IQ9939
467794,Killer Adept
650842,Setzuna83
2623764,KoG JOE
657704,Tav McSoapish
2212362,VanDerKuy
672706,ettio
665310,jd3214
663608,James360rus
617932,BarefootShark
4094839,Dostin1uwu
659128,rockersaurusrex
3877107,Da Armin xXx
599894,Mighty969cz
643127,Ar4iks
614735,NicoG 10
624723,mute2123
593180,DaGuiz96
1165606,DannyCarroll97
3042485,Jee Wavy
4716228,CocoLiberto
4432290,SeyherianaRico
2087790,GraySpiegel
665916,SHOTbyYOURMOM
4605593,Not Mr Krokan
657017,Widwmaker88
601719,MaikStaR24
1850725,Mansour almayar
3961320,stepbroflamingo
634233,zV Dp
634613,DarkGot36
3815868,CarpyKoi
1325213,Smitty1504
3152393,LaMaXiMa023
2206178,MarbleSmile985
641271,bobTHEpony1
629657,mpj29
1315085,xdKianxd
2413542,FreeTheTwigz
1321762,oomstr
653627,Boje Sie Ludzi
595983,davidvjrowe
2253687,Zynes6238
634848,Zarokiium
645759,elAroNo
606325,el tito dark 2
619312,Taladr1tY
640575,goma14
1820562,LE DABOUL
3773858,wheels2K6843
2147902,SageWolfCpt
643130,JoyMunkey
3968087,Caio7776591
2767524,BlackHat9066
607859,VidaarX
623236,II HaGer II
3903088,RondogGaming
1137053,KyleWFC7
2233322,Auton xxxx
639112,xXFOXDROP904Xx
2189396,OP Daniels
617561,Th3 TuRbInAtOr
635378,calvin30
643129,LoudBball123
4585595,Centurion260
629819,Proto007JC
645921,janotela
4394139,OmeletteUFinish
1325334,Euan HxA
594806,becaxxx10
596775,BoByRJ
551719,jayfarrow
573548,HIGGLEHOFF
2598255,CruddyMink42842
605025,menara1991
615350,Ksenon500
641853,Santohhhne
609389,GrainedGlint196
600790,Numberoneplayer
640693,Insane78bis
4558316,Fifayoloman
579521,V4renne
4597409,I Smigsy I
607753,rezus123
1795839,BTGooner14
4060466,viTz RX
605977,Shably8741
4551448,crazyhiman96
1235276,JAKPAN10
543515,Steph2NV
2319404,CausticBison828
4008128,Yahirmo2169
604933,Miceryl
2197219,dvy8708
2677546,Adrix195
611173,the fish bol
580541,VipS AiZEN
2218796,Blaze Canada
609134,TsaTsenk0
620671,azianboiii
552552,martini442
3071496,sergio2133841
621291,wipsx
531658,punkiecat
2017775,sllukingx
577261,raikahhCL
4128252,Emma8271
613668,belcherc
1903790,nathixogamingyt
4390578,lucaxmch
600267,KrYpTicZ v2
584729,holodek15
1236187,RrustyTug420
581364,PaidAsteroid690
3060626,Guessbaby
582658,Al Pacino SODMG
575353,xXShiggAXx
579596,Dr Kenneth Sze
554586,MeisterStocke
1226145,merz7907
3075274,vinusstar
584378,ComradeGeo
558194,smithy47609
604710,ruSLIM
589234,FallenNeroHero
4632298,zantiagx
595581,beckywecky167
505908,xz ViNiCiUS zx
4574864,Dmg1711
3017795,YJMMAL
568138,PerryOneIT
552001,NL Darkwolf
1194988,Sydnxt
581577,MargatoBCBM
505184,ChefSlash
4445680,ChosenOneV13
558011,MightyBaldEagle
582031,DraGoniKG4L
3018165,Livelyhawk89
2211527,Donk021
578983,johnnygnote
3256224,freskycookie
566445,Black0Hawk1
555615,Blind04
2491137,X200T
551305,TouchierPillow8
518384,oOMaichuOo
4734103,GABO11
4740048,ArkFelpz2369
4564525,Cechsorr
535246,SekreT96
549961,francisquito36
545304,djdelle
3878450,Hypo7743
535575,Metalass87
543010,Tomix220
544075,SnipenatorPaul
532270,GGKnationYT
525694,l Gado I
540050,hardcoremaus85
1122405,Gagster
522538,Bendeh
550887,uasam3c
490829,toblerony8924
4083978,Golem123416
504541,Dark Angel
1224699,JEVIC2411
2534645,palmtopinho7575
525570,MaRio SLTAN 33
515484,SmG Vengeance
515024,VanillaSugga
508931,Kevinslov
506965,Edelruede
496795,Tetra01
1723807,Sauoli
495781,Alcheato
493072,MegaXbrTemp
3018604,Blonde Jin
490678,Yagami 10R1
490798,ChaCha Knows
488844,McKay
