playerid,nickname,country
3798499,DBxH,United Kingdom
4348950,william-924,Hong Kong
309993,zadorvp,Finland
356815,bushman_010,United States
1277420,BlaxTer_X7,Peru
2889149,Lord_Vexx1987,Germany
336946,Dropeur,France
333431,Brice76210,France
390542,xMissFantasy,Canada
3304385,zulqarmessi,India
361899,PureRuby87,Italy
2058540,skorpionnn100,Poland
2889148,HunneBed1973,Netherlands
81172,man08071983,United States
2484333,Darkness-Antares,Brazil
1334589,Vazio,United States
4572891,FreezyBros,Czechia
4706988,EmPtYb0y94,Germany
1757677,RomuloXR,United States
2072694,R1_ROMAN_R1,Argentina
78440,Aztech23,Hungary
362900,Komentaja,Finland
312390,DieSGD,Germany
353390,s62hiromitu,Japan
336513,casper7jg,United States
4355394,Dawn-of-Sorrow,Germany
328520,Dragon_strider,United States
343415,marius_maximus,Spain
327014,chiefsfan27,United States
327673,johnleonhart,United Kingdom
371169,AlbedoPiazzolla,Sweden
1681788,Gamer-Girls-FTW,United States
4441287,NOWOGARDCZANIN,Poland
1219839,thresher786531,United States
2888999,RileyKard,Brazil
318647,h-mut88,Germany
377308,Zatoichi05,Germany
343269,BlueDragonZero,United Kingdom
331975,PoyotaTrius_13,United States
3099587,TJKSH,Japan
381705,Cactuarism,Singapore
343386,Hektor-1989,Germany
300780,bioxz,Germany
4240512,mw3-lover,Norway
237349,Cheerful_Suicide,Russian Federation
2828096,Reepicheep,United States
2132053,GhosTsoldiers47,Brazil
4447023,gagster4life,United Arab Emirates
1688539,Fragile_Helv,Japan
1691969,GironDGuion,Spain
3228135,BloodyHunter106,Germany
4532670,ArcoCross,United Kingdom
406626,TheBeardedRonin,United States
331359,joaozinho,Switzerland
327651,SAWYER1982,Germany
2846285,Dutarakay,Switzerland
3318625,GW-M,United Kingdom
19029,NSR_Apathy,United Kingdom
2264127,AtilaKing1,Spain
2306095,SongEver154,Brazil
10671,moooda,Saudi Arabia
1310733,Ben__Laden86,Netherlands
394604,Vinicacto,United States
4370524,CJBlaze_Flame,Hong Kong
1254289,snakevalter,Brazil
4384302,Skitzo_Squirtle,United States
330081,MCStorm,United Kingdom
1723651,RafaelBCastro,Brazil
341123,sixale,Italy
327391,DlocDaBudSmoka,United States
3621691,Bf06,Austria
4469538,Logann,France
3069416,Demi-Poulew,France
4262060,Kazzie101,United Kingdom
4447677,I-blink-l,United States
432828,nico9303,Denmark
324128,Reko_T,Canada
4576278,dcooper97,United Kingdom
345999,fettie2510,Germany
2457090,Tenshi__ko,United States
347899,HANS-DAMPF-73,Germany
1345784,LouigiQuiday,United States
274681,MICHAEL_DON_LEE,United States
2046437,tunuva,United States
338740,the_mathiouze76,France
291219,Bagr98,Czechia
1282480,UnTamedMidget,United States
336544,moebius_cc,Singapore
331145,daydreamdrooler,United States
345592,Gadamhaze,United States
403324,CaptSaltyCat,United Kingdom
331530,xahr,Germany
79965,THC00,Poland
341846,razyg69,United Kingdom
324218,Lifesamitch,Australia
225839,Brooklyn1562,United States
297545,MadPeav,France
1774805,wmantovi,United States
1797249,soul_goodman95,Russian Federation
2837687,souteago,United States
4383383,oOoRICKSTAoOo,United Kingdom
4482527,Celery_Man4d3d3,United States
2010964,DaveyBeef,United Kingdom
332541,XxKoboldkingxX88,Austria
1694500,deivi_basket,Spain
354335,KurenaiOni,United States
328633,Hades170,Germany
348948,Shin-Y12,Hong Kong
336102,kuldoog,Australia
3247469,Redcarpet-five,Italy
85896,Alphonz_1192,United Kingdom
1281623,DieZwiebacksaege,Germany
1347966,aristarco1985,Spain
3062609,Moussesszz,Portugal
2012515,hanna120,Brazil
340845,dx_triple_h,Belgium
228062,fjhon,Spain
359535,UnluckyForSome,United Kingdom
4347988,SlushieMan95,United States
414793,MrFoxITA,Italy
1887370,Asoga-,France
1144687,PillsOfDarkness,Belgium
3549839,DUKO,United States
87365,RikkHarbour,United States
1127762,LORDLION_999,United States
2318847,SickVeins_Twitch,United Kingdom
2732768,SmileyCrow,United States
331286,XRzStingray,United States
337417,thedarkmavis,Canada
2695401,thomas125,Norway
2605746,MAHOPACWARRIOR91,United States
355763,Molag-Impaler,United Kingdom
4566106,DogsArentReal,United States
1814528,Abo-Ghaith-SY,Saudi Arabia
3597904,Nakoruru94,Hong Kong
294060,istrifir,Germany
340766,Currycullum,Germany
378550,erised_,United States
80069,BooKoo69,United States
3934913,conan__169,Hong Kong
293786,Bahamuta,United States
61257,onimerukyo,France
354867,SkullKenstein,United States
317483,KryptonianSldr,United States
331418,GJMS666,Australia
301920,kogunenjou,United States
291638,MaryMyFantasy,United States
81800,Jon_Bright,United Kingdom
2256522,Lucifer0729,Hong Kong
4409531,BlakeTheTurtle01,United States
320002,Despear74,France
81937,RyanMcCurdy,United States
1239227,applerino,Japan
1437379,True_Heresy,United Kingdom
2428158,Citykillers98,United States
1269249,FabionPedro27,Brazil
1145824,yuriyama1985,Japan
342702,Chops_Jaffa,Australia
1783735,Axii169,Russian Federation
362577,omunlein,Germany
1176658,dookukachoo,Australia
1696019,PF_SpacemanSpiff,United States
331867,Dewlsense,Australia
1830602,nathan99drake,Türkiye
362378,verkao,Hong Kong
1779313,GiveMeMoreMilk,Russian Federation
1811064,Legend_Gamer9876,Canada
435452,go2fx77,Japan
1777450,IllusiveBread,United States
298026,ksa-2000,Saudi Arabia
2413193,ArayNekito_YT,Spain
335086,fal07,Russian Federation
320243,z123456789zaqwsx,Mexico
299662,ShotgunIce41,United States
77541,Mst3rBetty,Netherlands
352781,funky91,France
350798,UnknownCannibal_,United States
138792,alexo-andros,Spain
3992043,jotazin01,Brazil
92372,BIGBOSS-RJ,Brazil
1681851,IllustriousGuest,United States
3534888,MickDeMadPole,Australia
1709377,MFrancischini,Argentina
4538990,Sandmanjr34,United States
1282585,chibihey,Japan
303894,DarkGodKeldon,United States
310970,Solh0und,United States
3165017,Pollo-RoYaLeS-_-,France
292336,Bamsibams,Sweden
89199,L-FAME-7,Germany
336428,seven2406,Germany
2304854,ShadowFox_9,United Kingdom
285448,DCxMoneyxMurdaz,United States
2152601,BlazerOfMordor,Brazil
360852,Daniele,Italy
424203,A_Curious_Pixel,United Kingdom
393160,POETICDRINK2U,United States
400092,Bajuvare,Germany
1340804,KAITO1412_,United States
420029,padfoot922,United States
350637,Nero_Rhoads,Mexico
1898989,jokerapa,United States
2935869,xKiranaifu,Belgium
359010,OCASIO2024,United States
348499,HAIRYHILL1979,United Kingdom
1165166,GooD_Morou,Russian Federation
4570852,PhantomNarukami,United States
1920388,blaise1234,Canada
2414786,BluMagicTX,United States
341925,AKGermany,Germany
4165092,eduweirdo,Brazil
350171,Cy-star,United Kingdom
2176980,kikito45,France
3525139,xMvO,United States
3613769,davletanman,Russian Federation
1227935,julihooligan,Spain
4112821,goodlockbuum,Germany
327086,Novatic,Belgium
4063019,Adrimc95,Spain
17830,Squatt54,United States
1145749,Crylhound83,Germany
2803846,capmorgan4700,Denmark
414156,ShadoFenix,United States
2147589,celso243,Brazil
78251,ShiroixD,Spain
4348968,cosmic_slop,United Kingdom
1824027,AlphaLebon96,Italy
3737589,Bestfastfire,Brazil
3014278,DirtyCrimeBoy__,United Kingdom
308744,Shadowbots007,United States
3804963,aradonberria,Spain
301392,EthanBloodborne,United States
38529,BloodyViruz,Germany
25681,zappyapple,United States
1925551,RockyTit,Russian Federation
84751,X7SunaFSeieiX,France
393038,ace1_,United Kingdom
351352,l2ickard,Sweden
355122,Bxn112,Finland
1696073,konkolyadam,Hungary
2517415,Will-_-CobaiN-_-,Brazil
1343995,Guglio08,Canada
369563,Alphikk,Poland
312568,Too_Juicy1,Canada
4257625,ERVYL,France
407154,Tortiose11,United States
1243995,doofmaczemy,United States
37494,OdinFist,United States
1572719,muttley1995,United Kingdom
1804993,Yyuan996,Hong Kong
4529614,ssestig1989,United Kingdom
315893,Ozrics,United Kingdom
310565,savan,Japan
351491,IRGC_QUDC,Switzerland
78063,JunglisticVibe,United Kingdom
4106744,Spud-Almighty-,Ireland
2515760,aaron_joel_segui,Spain
329877,prsguitar,"Taiwan, Province of China"
3094524,Kangarew_,United States
1923247,screammsayonara,United States
365096,icaoyou,Japan
1271592,Once-a-Thief,United States
1311261,janucheese,United States
388229,Ninjette_Gen,United States
261750,koolguy777,United Kingdom
3117581,One_Stalky_boi,United States
2940581,SymbionIV,United States
87995,LOCURAMENTAL,Spain
1806270,nicoff,France
317180,TotteKaiju,United States
316865,Tr1gg3r_V,Russian Federation
89001,Fluffline,United States
322532,sab7786,United Kingdom
361857,PLAYSI,Germany
1134361,Codster34,Canada
4561805,WendelImperial,Brazil
79378,MrRichardBelmont,United Kingdom
349544,DarkJedi187,United States
104545,shellbell2550,United Kingdom
338471,DaGrimoire,Canada
411254,NashXXIII,United Kingdom
83493,PaperRedemption,United States
4502347,fograid,"Korea, Republic of"
3033499,Deniiise_123,Germany
1122613,saherali78,Netherlands
4607172,ricorivers123,United States
417150,Kidchaos_92,United States
1155049,slayer7744,Australia
62005,BjornTheHearthen,Denmark
3841247,edu163_PR,United States
1680436,saqib461,Canada
1209113,ajkma,United Kingdom
2788332,nomzaki,United States
3121399,pigzolla,Australia
4562267,Wonder_Women2016,Canada
1256184,RobinILike,Germany
1857849,CertifiedLampost,United Kingdom
391982,JailaniM,United States
369741,DESERTfox___,Finland
274194,Gabe_Punisher,Brazil
302744,SublminalMessage,United States
335558,lukidone,Germany
4112817,Spkzy,United Kingdom
78711,keeka1,United Kingdom
349858,Nefentari,Austria
362540,UndineNi,United States
397949,Volpons,Italy
4532716,NathanThePusheen,United States
302706,uszek___,Poland
3293930,Makeme_Fafa,Germany
86636,KrysTheDark,United Kingdom
396164,Diagol,Canada
321976,adventure23,Poland
387557,MidNightGambler,United States
4680743,toasted_awesome,United States
357393,DPtheGod,United States
41762,zagiety_drifter,Poland
407473,Starfire2306,United States
56374,rayomon666,United States
2978561,TheWillowWizard,United Kingdom
4600336,Keelvin321,Brazil
349557,Despair-Amit,United States
82290,UjLeTsIuMsA2T0E,United States
383032,WewepWep,Japan
1358336,tabreez,United Kingdom
3416555,Guhh2004,Brazil
374287,GodDogs83,United States
3688564,ObiWan-Paps,Germany
1228232,RVIDEN-,Brazil
2936664,AChainLoo,Hong Kong
1854325,MekZz_-,Brazil
426869,Lord-Yorinaga,Germany
4146446,Polar_Bear0110,United States
298148,Raikoh_Sanshiro,Spain
2964077,v_gutz1316,United States
79592,soldier0114,United Kingdom
3801235,StrawLion237,Spain
95543,inTEDible,United States
3934910,one_puch_man_1,Brazil
80972,Volt33,Poland
289937,elKz_,United Kingdom
4594763,osaroPlay,Argentina
1884257,Shxdow360,United Kingdom
85684,Bruiserk,Canada
1262360,LiLRissa013,Netherlands
363478,HankFromHell47,Canada
3353314,hcax,Japan
1837584,joge244,Spain
361336,CapybaraTV,France
1223915,PRO7OTYPEofLIFE,United States
346551,vin_zer0,United States
1704291,NaifAlAsiry,Saudi Arabia
2325945,GWRGA-,United States
1932829,LetrixD_,Brazil
4552494,Harlequinn209,France
354879,MarcelloAgosta,Italy
2685524,Fametito971,France
2508518,Andredecovipp,Brazil
16747,SKM-Tyler,Belgium
84738,dRkiLL3r84,United States
1868526,jay-goncalo,Portugal
1744606,BQQ-M,Saudi Arabia
351867,DeSoToxic,United States
342652,mawv1973,Italy
348363,TW2N,United States
1881220,Ceron42,Brazil
344098,Vic-Boss-08,United States
1696881,AngEL6523,United States
156552,kostik333778,Russian Federation
3238010,THEGASPARGGR,Brazil
391854,KOSE8888,"Taiwan, Province of China"
4717896,ll-SinC-ll,"Korea, Republic of"
1217913,The-_-Baseman,Germany
2402619,Benhaks,Chile
4600309,BajramRama,Norway
60509,liquid_assasan,United States
303754,Dalrint,United States
3007652,Harlock_99x,Spain
4416624,gusre38,Mexico
1500485,T4TTEDUP3,United States
295549,toniccity,Spain
4082913,shadraptor,France
1286207,XerxesNightray,Brazil
1695291,VonLinus,Ireland
2016552,MikeyZer,France
4582516,ViciniusBarbossa,Brazil
2720475,Skorpio2015,Germany
1694481,feldi96,Germany
80202,doublejack,United Kingdom
2971246,Sem_nome1903,Brazil
2392548,Yulianhg,Portugal
2252405,garfil100-_-,Spain
4587828,PrettyFlacko1003,Mexico
2206584,ultrapatrick,Italy
3217512,sinnerman505,United States
418358,OS_Mugi-_-,Germany
2619802,RedxBudder,United States
2487451,llataa_,Spain
308618,Tatty27,United States
350911,mal69,United Kingdom
4428008,resnepcrew,United States
88907,Godmoder,United States
2068263,NSynchrony,United States
103711,tusy81,Hungary
3633551,CharocaLaroca,Portugal
354754,strong_sad,New Zealand
1955746,supersonicred,United States
147073,DreDayDetox,Canada
1697358,Brisa2512,Brazil
3721324,DarkFrankSoul,Colombia
3102227,Scre4min_83,Russian Federation
4734589,Deadshot4136,France
340505,spideyal,Canada
417412,qweion,Hong Kong
389890,cook24,United Kingdom
1150134,HunterXX0_TTV,Israel
43169,JL_AUDIO,Spain
4064112,RaiizerOne_-,France
1882132,chrissydacool,United States
81804,kampfsau1984,Germany
1446265,whiskey_ana,Japan
358531,sabiondo,Spain
2914447,Moha__Belleville,France
2656191,Line-BleaCH,"Korea, Republic of"
4507222,gottago2fast,United States
4097730,hector939393,Spain
4198336,damnastra,United States
4370541,mosdef1234,Switzerland
27888,Assassin1395,Italy
83247,gangsta77,Australia
383873,Wexzo97,Germany
1715146,espacioenwhite,Spain
155460,JAKE0100,United Kingdom
425955,DosaDaddy_1213,United States
418701,adept_iguana0,Australia
370196,astonish1,Japan
3071346,luke050Hipp0king,United States
298501,Clanstier,Germany
317891,Aisutron,Canada
79606,darktiger1,Italy
1686507,ShadowDragon72,United States
2998953,Clineuzera_,Brazil
350060,LeaoC23,United States
2509771,djmac327,United States
80143,sean_8996,United States
425006,chrek269,Norway
50176,Lunchbox_007,Canada
4478507,alejandrojuego80,Spain
294046,gearyboy,United Kingdom
4318495,JoKeY_59,France
4090984,HadGikS2,Russian Federation
314082,XenoByteZero,United Kingdom
168318,felipe9022,United States
2034467,DaGamble02,Germany
4358328,Jacob_InfamouS,Czechia
350800,SteffmeisterSWE,Sweden
3302708,WarthynHero-,United States
1240652,EmceeShoeshine,United States
2453429,Tenacious-Tea--,United States
1789347,KSA-215-KSA,Saudi Arabia
2881366,DORITOS_Guys,Canada
1939227,PangaTKD,United States
1804870,alketbi626,United Arab Emirates
1746025,jezyk13,Poland
2180502,daRiportt,France
4361059,TWiXnTRiX,United States
2301029,soytryhard505,Chile
4301624,lBRl-dizimador,Brazil
4404887,RecallingDrone,United Kingdom
3006327,Jango_Snake,United States
361966,hsv2000,Germany
371863,zeldamax5,United States
1708985,Fortune615,United Kingdom
4594201,bracco23,Italy
303313,EnViiDisnuCCa,United States
367800,GHOST999DEViLDOG,United Kingdom
1694521,Calidade_ESP,Spain
4019569,Raven_2300,Belgium
1810503,Suit_GT,Brazil
4065426,frey-day,France
1888775,Henrycatree,Brazil
2286425,FNC_-TITI,United States
2590801,karimoulad,Netherlands
1818785,TurnedLight,United States
377886,RoadRunner808,United States
2327857,PhaulPhoenix28,Singapore
426832,TheChubbyKidd,United Kingdom
2671490,Aldair042007,United States
3301376,CosmicSeaTurtle2,United States
1755776,arnbay,Spain
1835835,Anes-c3,Saudi Arabia
1702228,montuno2,Spain
2387278,Chillerz__YT,United States
1257414,hodders1969,United Kingdom
4367653,yVinizada,Brazil
4409575,PELAO__2014,Spain
3044774,rAnDuM2007,United Kingdom
1823861,xATLAS18x,United States
349343,mike_2535,United States
3938682,RFBSilva,Portugal
3573586,Sbt-Sabitov,Türkiye
403774,JordanoCzech,Czechia
2330325,jslovinsky_23,United States
4720084,TheGreatAvii,United States
2862360,RoseBestSSJ,United States
380129,Kehanist07,Türkiye
1882708,Xazedarker,Brazil
3600584,SuperNovaMexicoG,Mexico
203877,I_Eat_Noobsz,Netherlands
398048,riko79,United Kingdom
391463,aris801,United States
3162660,clem77610x,France
3692319,Apps_03,United States
1751008,iSebaaP,Chile
4030904,PAVEZ-_GOLEADOR,Chile
326293,saiyuki_35,France
3176875,kamo8352,"Korea, Republic of"
2831064,Dylan_Boy_Mofi,United Kingdom
420169,II___QuaS4R___II,Greece
3916424,AfanhsHrwas,Greece
2844101,Edge_Lin,"Taiwan, Province of China"
318770,Rivaol,France
1765683,Mr_hack3mk,United Arab Emirates
2489602,Hugo77577,Portugal
32284,rafalwfd,Poland
4294057,Snok90,Mexico
1940367,chiflis80,United States
1920379,Phyrexio,United States
374469,joueur1,France
1911732,Eldorath02,United States
2528880,sahdin,Netherlands
4150231,Ty_Rey124,Russian Federation
2129661,Hikka247,Russian Federation
3969256,jjwifi,Portugal
2413104,Nadchy,Germany
1934992,KoroBeast,United States
1760842,Morboide,Argentina
127889,Raines,United States
4250966,BESABES77,France
2489233,xXAlexOLX,Uruguay
1152452,Smiley-King46,Netherlands
1744474,TKSM_99,Saudi Arabia
3405279,XVP,Japan
3443939,FKR9,United States
4544126,Xenti___,Chile
1694211,modern1st,United Kingdom
296149,Citr0ss_,United Kingdom
2506344,ItzDiablooo_,United States
3733116,he-so-yam,Mexico
396684,Caio055,Brazil
321617,KwikTripJesus,United States
3275602,GodSpikes,Brazil
2207242,alcudia17,Mexico
4013811,jessytazeur,France
2784331,HeroPt6,Portugal
3871509,ikatzu2042,Spain
3581308,OFFLINER_33,United States
3960111,TotHonks,United States
2461998,E3twitchPX,France
3722833,sipalki2010,Argentina
3891917,MichelArcanjo009,Brazil
215854,ShaojunMa,United States
394463,RyuHayabusa,United States
4203058,Arthur_only_hack,Brazil
1609,Mr402,United States
4416830,Natzuki2412,Colombia
2488072,vitorkfia,Brazil
1733933,The-DominatorX7,Saudi Arabia
1834980,WadeeFPS,United States
3331803,hay_,Poland
312242,Saxleader,United States
2491392,juanfran-11-,Spain
1249870,DoctorIronic,United States
2291636,SFNoel25SA,United States
4623141,y_drPietroSF,Brazil
140978,Hood4Good,Sweden
304798,khalil-95,France
2481135,on3_gokudamaorlo,Colombia
1833277,Perez9598,Mexico
2965807,CloutedClamps,United States
167070,DUCKY1221,United States
2792370,DarkVicki,Brazil
2823537,rubenta2000,Spain
4452000,Inbussleutel,Netherlands
1850805,love870,Bahrain
1308715,microsayoko,Japan
3944503,TheRockGamer99,Ukraine
1800619,neTbka90,Russian Federation
2960055,pollohouse5,Spain
3037904,Yigit_Eyuboglu,Türkiye
2191327,DanielMxH,United States
157178,MASPALOMAZ,Spain
393064,landius0228,"Taiwan, Province of China"
1713362,Mariozgz84,Spain
1998959,VisYonA_ZoXx,France
2027668,Felipecatata,Brazil
357546,hazy_dragon130,United States
1210973,Renatojssillas,Brazil
1748339,xSaAd_88,Saudi Arabia
2195447,TenKaichi_-93,France
396444,Mill1975,Poland
1788328,lilrump62,Russian Federation
377807,Beeteljuce030,Germany
4615306,Neoshen,Spain
2980112,online_revenge99,Spain
4348002,Guts1003,United States
5305,eXtrem-el-Bomba,Germany
1715289,terno200,Czechia
418789,Fuchsy__,Ireland
359169,XplodingTACO,United States
3942376,LightningMan0709,Canada
1969427,temp-384333,France
4208716,I_AM_CRAZY--X_X,Spain
3959391,Grisantx,France
2194197,FrancisRadke,Chile
2063167,Kazuki-gamma65,France
1988704,o707_ERRORo,United Kingdom
3983078,LorisVkf,France
1700946,NbNy__Fresh__,United States
2961629,mateomase421,Argentina
3255968,fly_cloud90,"Korea, Republic of"
3209509,SanjODaRk_10Code,United States
1843992,Raef_Shiku,United States
3180178,GkLima16,Brazil
191595,Warlord_GHE,United States
2839105,Kyubi-Son,France
2612922,matpro543,Argentina
2468984,Cro-ss-over,Russian Federation
4743530,notbob2823,United States
4436063,Champoodoum,France
312842,lanky2132,United States
3193068,Bybasti32,Chile
2685626,croxlll,United States
3030667,Fr1eght-Tra1n,United States
2881446,venocto,Spain
3133018,carlosfenom,Portugal
4080733,Prodigi07X,Spain
388592,hannibalzsyj,Japan
1301552,love3-999game,Japan
3166570,Balsfoort,Netherlands
1335228,Nate180177,Netherlands
4277757,SSSteve99,Costa Rica
1335180,AlexRinzler,Mexico
3298190,SagaraBiro,Brazil
2905497,Nirxv_22,United States
77388,sever-man,Russian Federation
3875394,ZORT_BR,Brazil
4167586,xd_marc00,Spain
4731206,Anonimous_katz,Brazil
157404,Steady,United States
1278973,adamsuka,Japan
2116113,remista1981,Brazil
2485558,qSwayzee,France
418881,LunarSparx,United Kingdom
3129845,MakeOneShot,Canada
2595306,peritaypunto,Spain
237232,Byakuren1107,France
3175787,Cryptic_Phantom1,United States
4343819,TroncoPro,Spain
3982797,Ciao_LizZ,Mexico
49691,RaphaBr,United States
2486011,SimiDLC14,Argentina
1924390,iTz_Ghost450,United States
1697819,Deku__10,Spain
2597145,werdmechanicbg,Bulgaria
429883,Hydra_Jon,United States
368602,TrophyFactory,Canada
287630,Prishia,Japan
3111111,Fawks32,France
2320416,ahe_official,Germany
3182170,Kirk_Lazarus666,Brazil
2626390,Er_Tviolo_777,Spain
1840150,Mikras_,Denmark
1952276,TaliZorEl,United States
386959,OrlandoOdin,United States
212082,piter9928,Poland
2200011,A1k_zarkito12,United States
3406773,VZ1,United States
3975331,Fire_Dragon4595,United Kingdom
1208819,YoukoSnake,United States
281285,Scarface_Jase,United Kingdom
1770841,lykan2009,Poland
252478,Ivanhoe20,United States
3075811,Lush_Suckss,United States
4406042,theDOCStardis,United States
421358,Gylardo,Greece
4640623,NeMo_Vzik06,Russian Federation
3864304,xxwd,Japan
318560,rx782g,Japan
395288,xMikE_OxLong369x,United States
2475494,iInfxrnoHA-,Spain
4138919,SasukeUchiha3254,Brazil
325904,venom1112,Canada
2112388,TheMisterGG15,Chile
2250257,olivaressql,Chile
1871075,Valentiniki,Spain
2298968,lucasesteban1711,Argentina
116612,AydenHitcher,Germany
1763895,Edmen_YT,Saudi Arabia
4229457,adripana,Spain
1887397,Thiccjesus_69,United States
2424615,Wolfshond123,Netherlands
2856766,lynx_fn16,United States
310873,ViciousDave,Sweden
3933151,ElPorrilloCiego2,Spain
1955644,lIlI-CeRoX-IlIl,Canada
2969389,papuchedelamort,France
1962278,Ts-AdrianHdz,Mexico
3105383,Fireghost72208,United States
4481141,cotillo-purpura,Spain
406375,Dynamite_LPs,United Kingdom
2939096,ImConfuzxd,United States
33148,ogamiyen,Spain
166951,fabulousfab123,France
10105,Orex_,United States
2125086,GhostyHoundTV,United States
1791987,micky80_La_Micky,Italy
4466354,alonsok00,Chile
4347872,LPC-DaniiYT,Mexico
2124913,DdeDOLLYNHO,Brazil
3250573,Monforte_234,Spain
1999747,Nicopntado07,Spain
2658431,randalltrejos09,Costa Rica
306627,ashlee218,Japan
156388,HugoDoy,United States
2303966,xXDiegosxtz11Xx,Chile
2464454,AsierPX,Spain
2575919,lI_StayroX_Il,France
2739790,pikullator,Spain
4050235,Tome_75_,Portugal
36671,GreggLang1,United Kingdom
4278550,andreyandres08,Spain
288659,TheSnakzz,Germany
1915267,cristoto704,Chile
1718742,FODTX,Saudi Arabia
1324830,sidekick_d,United States
3559556,rfij,Saudi Arabia
2215265,SebasAP22,Spain
2411081,demian_yt08,Argentina
4704472,papyrus_brother,United States
1752807,xDaNi64-,Spain
2259301,DanielDanbet,Spain
2686546,JAIME1567789,Spain
358910,extreme-faker,Japan
1482330,Guatticlay,United Kingdom
4082416,P30_InS4n1tY,Chile
1154980,Acres_Of_Gaps,United Kingdom
1975484,Tuberculasers,Canada
367390,Schnuckisfb,Germany
3533599,fyss,Netherlands
2245687,Salami_David24,Chile
273501,mracer164,Poland
2171626,VRChickie,United States
424138,UnBornNoobCake,United Kingdom
3961512,legion_ukrfx,Ukraine
2135034,markiu24,Spain
4354152,isaque-Novinho,Brazil
4170148,LazYVybz97,France
4354280,ma1e0br,Colombia
394810,JoaoPeppe_6,Italy
1924331,AnCaRLSs,Costa Rica
137998,Andreww92,Netherlands
402064,OctaneNZ,New Zealand
3251187,yungeenG4k,Australia
4128316,Fertimar_DG,Spain
4386802,Klesier,Spain
308610,wait,Japan
2517882,FK_rickzz,Brazil
4314091,EviL___LaW,France
3755222,poljara_75,Spain
2114830,connorthezombie,United States
285341,Nargwya,Brazil
1904149,U2Swissman,Switzerland
2764022,KazyFishy-_-,France
3992308,gustavo01k,Ukraine
3254401,laserbeam9998,Germany
2192505,RMdani100,Spain
1725105,II-EVIL-SAW-II,United States
298069,BIonde,United States
3696402,YoutubeVicen-CHL,Chile
101793,Marf_1_9_5,United States
3653146,Lyir,Italy
3583501,ale_KiDxp-_-,Spain
96712,Berserkers,"Korea, Republic of"
4405487,Ancrif__,Spain
1235260,Andyn94,United Kingdom
2238728,Fnaf665,Spain
1714803,XenoSky-,Saudi Arabia
3063581,jaoyoi0121,Brazil
4516779,Ivaaan04_,Spain
4607681,luccartess33,Brazil
325294,JuanHernandez,Sweden
3959853,egosans_98,Spain
3406274,UBK,Spain
1329174,keyser_FranZ,Germany
2102086,Gabriel96C_,Brazil
2369501,marioneitors666,Spain
2950848,mehdi040606,France
3751909,Eldo_xeadoXD,Argentina
1150462,JackSherwood11,United Kingdom
2452773,juanjo_fajre,Argentina
1931690,CyberMiha,Russian Federation
2642145,psyco_pika,Canada
1867009,ganon7823,Brazil
2103706,NAYJACK_,Argentina
146782,Nightwing33,United States
1953606,Vitality14Gota,France
4356682,O_Dees_,Bahrain
13765,monuo,Japan
1981701,paula93style,Spain
1269252,adamIynn,United Kingdom
2604417,elective-juice14,United States
419386,Billureino,United Kingdom
16415,Shann0-Banan0-,Canada
2352929,LuisPatinha2222,Portugal
1244338,slagz_q,Russian Federation
1983527,Lendai_Hill,France
2300047,carvarolp,Spain
1873053,CarlosXx_,Spain
3981134,Thomastor2008,Belgium
2139985,ALONE-BROS,United States
453,skowron1990,United States
208281,Unexecuted,United States
3232754,Lolorouge,France
420519,YUMAD4LIFE2,United States
294989,mrfurley75,United States
19537,High-Def,United States
3036376,xxBouldersNhosxx,United States
3699884,harcor_nx,Spain
1788808,saiq003,Ukraine
3802840,FORCE_estacaZP,Mexico
3070305,f4t_big_stro,Brazil
3383782,CODExsantino,Argentina
2149735,ingnum,Chile
1875738,NRG_Bomoh,Singapore
3732029,lm_araujo7,Brazil
1140116,IAmSuperred73,Ireland
1138327,Reid_Productions,United States
2763476,Climbo_youtube,France
412665,piton2014,France
4061791,ReKT-kinggeezer,Canada
3818970,zeuScrack2452,Argentina
2816563,j0s3_pm_286,Colombia
4410338,Benja_Style_2010,Chile
3941420,DRAKON369,Russian Federation
4142192,Dennis_0478,Netherlands
3711107,GOD_Auguss,Brazil
2657624,Not_Loverius,Spain
271503,minedcoolperson,United States
1955074,iTz-MyOoMiTovz,Brazil
2154261,Juampy_Beats,United States
3547888,zjvy,United States
2150501,TheGodfather2828,Austria
4152509,Di3goasrpg,France
2766787,oDaiCu_RavyFTW,Romania
3969085,DYVITY_Gotaga,Belgium
1752004,a2343210,Saudi Arabia
213004,vilho123,Finland
2432444,Saw__SM,Costa Rica
1973585,erenily,Saudi Arabia
2252863,PoWDeR_________x,United States
4341796,Jp0ndas,Ukraine
401477,Kingston043,Australia
2835634,alecp7,Spain
2449079,Low-LukaDubby,United States
3068719,th_vicen,United States
1989334,Yasu_Demon,United States
3756537,juancruz3555,Argentina
4614021,Tanakahugo,Spain
97842,MS-07H-8,Japan
4116192,PauloVitor-Pva,Brazil
2314086,totosepul10,Argentina
2430847,RG_itadori,France
232394,Imperius_Yaow,United States
3703652,V3N0MSH0OT3R_666,Spain
4262312,jikoji_999,France
4246002,semac69,France
377548,Husky000,Japan
267386,TrapperVI-,United Kingdom
418773,Bumble_Bees33,Italy
411404,James_Westfall_,United Kingdom
4387249,TheBlack_Zion,Argentina
4719046,Hobbit_yep,Russian Federation
1333339,Caiden-m67,United Kingdom
4293493,ederson_martins,Brazil
3179674,S8ETHAN25,Peru
3356714,Ikhe,France
4046333,jdbmg_345,United States
2487016,jovetic-ortega,Spain
2919909,YourMuum84,United Kingdom
3704412,XX3DylanXX23,United States
3016246,Adael_YR3,Spain
1734643,Thelastmission-,Saudi Arabia
3215760,MiStErUsI_19,Spain
3379713,ocs7,United States
2899650,RedPanda2871,Canada
3144521,facusb2006,Argentina
2363525,Pick_Snow22,Spain
6614,Ninchilla,Ireland
2618017,schneidertim,Switzerland
276409,SkyKreon_TFM,Belgium
229026,queen2119,Mexico
2772414,Escayon_100,Spain
2439162,willy8rlm,Spain
374275,ICEMAN99,United States
2174295,Exoticnass,France
3083593,JairoLR_2020,Spain
3509811,bfat,United States
128846,kedona,Japan
280156,ArturDIeserTyp,Germany
3745780,CHRISDAFT,Spain
180803,gurke95,Germany
1870353,xImShadowLegend,United States
1978980,XxBIG_AZZXx,United Kingdom
35207,codedlivess,India
3233279,pp_loliskoel,Netherlands
4743886,anopinyo,Spain
2600343,Hunter-0256,United States
3809864,Luan08952,Brazil
3969193,guguiGP,Spain
1983855,NEV3R_Sworrd,France
3983219,novak1402,France
3192505,obitodx_,France
4361880,BGP-Viktor4o,Bulgaria
145774,nerubi,France
3224758,VIT-_-Sky2ox,France
2999288,timur20041,Russian Federation
2256295,baca_muuuu,Honduras
4411313,DeadIy_Ban,France
4274766,el3ctrixangel,Chile
4178969,MaksimSava,Russian Federation
4456368,rocket_0756,Colombia
4791,EXiDA_UA,Ukraine
151711,durtyboi15,United States
3793317,Elameraja,Chile
4433285,rodrigol0009408,Spain
3674789,PB17,Denmark
257760,Hulk099,United States
4612001,agpl-_-,Spain
4398594,ZT24Khile,Chile
276007,meg230f1r26,Australia
2990775,M4tthi_1002,Austria
2934675,crisjaja32,United States
3116629,NT_Fabitosss,Chile
3266694,SosaaaxD,Argentina
198139,steven4774,United Kingdom
3792151,eusouoBartholo,Brazil
384720,DestinyWar_12,United States
2386184,LLEREMI57,Spain
15786,Softaz-,France
3352762,ymui,Japan
3526082,aek7,Germany
245870,Goofy256,United States
2390161,Heatingkarma5_YT,Mexico
4650077,magic_number676,Russian Federation
3500844,BNK7,France
3823517,gp29,France
123475,deadman6375,United States
176628,Fire-Jotta,Spain
3444538,c82M,United States
3853883,pmn0,Ireland
1986222,Ben_Gaming,France
265478,AGENT4795,Canada
1942533,galibodin,France
3947473,Ransom290,Bulgaria
14533,nickjw,United Kingdom
4506126,JoyceSil,Brazil
113399,kauppatori7,Finland
126097,Blindman11,Canada
2029941,matrix__4_,"Korea, Republic of"
2910924,mikosan12xd,Mexico
1770262,PulseLessX,Saudi Arabia
3746488,alex_2872,Spain
4416168,wariorzzz,France
284187,Alecsr_,Argentina
3020116,Gamerking0810,United States
3531304,DsPu,Greece
64932,holmes18,United Kingdom
265929,ppdu95,France
3520743,gjmr,Portugal
231534,salvo56,Singapore
2209445,NeKros-Gameur,France
3197116,jules76310,France
2695880,C3l3st1alSp1der,Canada
4059033,yyFin,Finland
3289605,tezukako,Canada
3797756,MachiR12,United States
3346700,bg_y,Lebanon
173612,redfox27,United States
198858,steven7158,France
124274,Doodie,United States
1793139,Russian_The_Brow,Russian Federation
259622,Bairdish,France
275457,xMG-Muller-13,United Kingdom
3608620,OT-LEADER2,Belgium
3388912,rQr8,Saudi Arabia
3832063,rykf,Italy
2712895,Umtglz,Türkiye
3311467,M_MD,Saudi Arabia
181212,WRARHD,United States
